"","matrix...nrow...iter.","sub","v0_rw_base_learnR1","alpha_rw_base_learnR1","v0_rw_base_learnR1X","alpha_rw_base_learnR1X","ll_rw_base_learnR1X","AIC_rw_base_learnR1X","AICc_rw_base_learnR1X","BIC_rw_base_learnR1X","v0_rw_base_learnR2","alpha_rw_base_learnR2","v0_rw_base_learnR2X","alpha_rw_base_learnR2X","ll_rw_base_learnR2X","AIC_rw_base_learnR2X","AICc_rw_base_learnR2X","BIC_rw_base_learnR2X","v0_rw_base_learnR3","alpha_rw_base_learnR3","v0_rw_base_learnR3X","alpha_rw_base_learnR3X","ll_rw_base_learnR3X","AIC_rw_base_learnR3X","AICc_rw_base_learnR3X","BIC_rw_base_learnR3X","alpha_rw_fix_learnR1","alpha_rw_fix_learnR1X","ll_rw_fix_learnR1X","AIC_rw_fix_learnR1X","AICc_rw_fix_learnR1X","BIC_rw_fix_learnR1X","alpha_rw_fix_learnR2","alpha_rw_fix_learnR2X","ll_rw_fix_learnR2X","AIC_rw_fix_learnR2X","AICc_rw_fix_learnR2X","BIC_rw_fix_learnR2X","alpha_rw_fix_learnR3","alpha_rw_fix_learnR3X","ll_rw_fix_learnR3X","AIC_rw_fix_learnR3X","AICc_rw_fix_learnR3X","BIC_rw_fix_learnR3X"
"1",NA,"wwv18727elhq22u",0.0400134816078638,0.0824945799394724,0.0400134816078638,0.0824945799394724,6.4438804468529,16.8877608937058,17.4591894651344,19.2438685544017,0.489999996274504,3.87176221602027e-09,0.489999996274504,3.87176221602027e-09,6.4438804468529,16.8877608937058,17.4591894651344,19.2438685544017,0.759088537490563,0.084110157032973,0.759088537490563,0.084110157032973,6.4438804468529,16.8877608937058,17.4591894651344,19.2438685544017,0.181430765259028,0.181430765259028,6.7154609498365,15.430921899673,15.6127400814912,16.608975730021,2.03413571821622e-09,2.03413571821622e-09,6.44637836421436,14.8927567284287,15.0745749102469,16.0708105587767,0.197832192980492,0.197832192980492,6.44717335956013,14.8943467191203,15.0761649009384,16.0724005494682
